<?xml version="1.0" encoding="utf-8" standalone="yes"?>
<rss version="2.0" xmlns:atom="http://www.w3.org/2005/Atom">
	<channel>
		<title>Tags on CodingSlave</title>
		<link>http://www.constellat.lol/tags/</link>
		<description>Recent content in Tags on www.constellat.lol</description>
		<generator>Hugo -- gohugo.io</generator>
		<language>zh-cn</language>
		<copyright>© Copyright notice | Vitae theme for Hugo</copyright>
		<lastBuildDate>Wed, 04 May 2022 00:00:00 +0000</lastBuildDate>
		<atom:link href="http://www.constellat.lol/tags/index.xml" rel="self" type="application/rss+xml" />
		<item>
			<title>Android</title>
			<link>http://www.constellat.lol/tags/android/</link>
			<pubDate>Wed, 04 May 2022 00:00:00 +0000</pubDate>
			<guid>http://www.constellat.lol/tags/android/</guid>
			<description>
			
			</description>
		</item>
		<item>
			<title>App</title>
			<link>http://www.constellat.lol/tags/app/</link>
			<pubDate>Wed, 04 May 2022 00:00:00 +0000</pubDate>
			<guid>http://www.constellat.lol/tags/app/</guid>
			<description>
			
			</description>
		</item>
		<item>
			<title>Browser</title>
			<link>http://www.constellat.lol/tags/browser/</link>
			<pubDate>Wed, 04 May 2022 00:00:00 +0000</pubDate>
			<guid>http://www.constellat.lol/tags/browser/</guid>
			<description>
			
			</description>
		</item>
		<item>
			<title>Chrome</title>
			<link>http://www.constellat.lol/tags/chrome/</link>
			<pubDate>Wed, 04 May 2022 00:00:00 +0000</pubDate>
			<guid>http://www.constellat.lol/tags/chrome/</guid>
			<description>
			
			</description>
		</item>
		<item>
			<title>Domain</title>
			<link>http://www.constellat.lol/tags/domain/</link>
			<pubDate>Wed, 04 May 2022 00:00:00 +0000</pubDate>
			<guid>http://www.constellat.lol/tags/domain/</guid>
			<description>
			
			</description>
		</item>
		<item>
			<title>FireFox</title>
			<link>http://www.constellat.lol/tags/firefox/</link>
			<pubDate>Wed, 04 May 2022 00:00:00 +0000</pubDate>
			<guid>http://www.constellat.lol/tags/firefox/</guid>
			<description>
			
			</description>
		</item>
		<item>
			<title>Google</title>
			<link>http://www.constellat.lol/tags/google/</link>
			<pubDate>Wed, 04 May 2022 00:00:00 +0000</pubDate>
			<guid>http://www.constellat.lol/tags/google/</guid>
			<description>
			
			</description>
		</item>
		<item>
			<title>iPhone</title>
			<link>http://www.constellat.lol/tags/iphone/</link>
			<pubDate>Wed, 04 May 2022 00:00:00 +0000</pubDate>
			<guid>http://www.constellat.lol/tags/iphone/</guid>
			<description>
			
			</description>
		</item>
		<item>
			<title>Linux</title>
			<link>http://www.constellat.lol/tags/linux/</link>
			<pubDate>Wed, 04 May 2022 00:00:00 +0000</pubDate>
			<guid>http://www.constellat.lol/tags/linux/</guid>
			<description>
			
			</description>
		</item>
		<item>
			<title>Mac</title>
			<link>http://www.constellat.lol/tags/mac/</link>
			<pubDate>Wed, 04 May 2022 00:00:00 +0000</pubDate>
			<guid>http://www.constellat.lol/tags/mac/</guid>
			<description>
			
			</description>
		</item>
		<item>
			<title>Pad</title>
			<link>http://www.constellat.lol/tags/pad/</link>
			<pubDate>Wed, 04 May 2022 00:00:00 +0000</pubDate>
			<guid>http://www.constellat.lol/tags/pad/</guid>
			<description>
			
			</description>
		</item>
		<item>
			<title>Proxy</title>
			<link>http://www.constellat.lol/tags/proxy/</link>
			<pubDate>Wed, 04 May 2022 00:00:00 +0000</pubDate>
			<guid>http://www.constellat.lol/tags/proxy/</guid>
			<description>
			
			</description>
		</item>
		<item>
			<title>Router</title>
			<link>http://www.constellat.lol/tags/router/</link>
			<pubDate>Wed, 04 May 2022 00:00:00 +0000</pubDate>
			<guid>http://www.constellat.lol/tags/router/</guid>
			<description>
			
			</description>
		</item>
		<item>
			<title>vps</title>
			<link>http://www.constellat.lol/tags/vps/</link>
			<pubDate>Wed, 04 May 2022 00:00:00 +0000</pubDate>
			<guid>http://www.constellat.lol/tags/vps/</guid>
			<description>
			
			</description>
		</item>
	</channel>
</rss>
