<?xml version="1.0" encoding="utf-8" standalone="yes"?>
<rss version="2.0" xmlns:atom="http://www.w3.org/2005/Atom">
	<channel>
		<title>Series on CodingSlave</title>
		<link>http://www.constellat.lol/series/</link>
		<description>Recent content in Series on www.constellat.lol</description>
		<generator>Hugo -- gohugo.io</generator>
		<language>zh-cn</language>
		<copyright>© Copyright notice | Vitae theme for Hugo</copyright>
		<atom:link href="http://www.constellat.lol/series/index.xml" rel="self" type="application/rss+xml" />
	</channel>
</rss>
