<?xml version="1.0" encoding="utf-8" standalone="yes"?>
<rss version="2.0" xmlns:atom="http://www.w3.org/2005/Atom">
	<channel>
		<title>Categories on CodingSlave</title>
		<link>http://www.constellat.lol/categories/</link>
		<description>Recent content in Categories on www.constellat.lol</description>
		<generator>Hugo -- gohugo.io</generator>
		<language>zh-cn</language>
		<copyright>© Copyright notice | Vitae theme for Hugo</copyright>
		<lastBuildDate>Wed, 04 May 2022 00:00:00 +0000</lastBuildDate>
		<atom:link href="http://www.constellat.lol/categories/index.xml" rel="self" type="application/rss+xml" />
		<item>
			<title>vps</title>
			<link>http://www.constellat.lol/categories/vps/</link>
			<pubDate>Wed, 04 May 2022 00:00:00 +0000</pubDate>
			<guid>http://www.constellat.lol/categories/vps/</guid>
			<description>
			
			</description>
		</item>
	</channel>
</rss>
